{
    "1": {
        "transition": {},
        "state": {},
        "delay": {},
        "measurements": {
            "i_avg": -0.0001546,
            "i_peak": -0.002051,
            "p_avg": 0.000193,
            "p_max": 0.004868
        }
    },
    "summary": {
        "delay": {},
        "measurements": {
            "i_avg": {
                "min": -0.0001546,
                "max": -0.0001546,
                "avg": -0.0001546
            },
            "i_peak": {
                "min": -0.002051,
                "max": -0.002051,
                "avg": -0.002051
            },
            "p_avg": {
                "min": 0.000193,
                "max": 0.000193,
                "avg": 0.000193
            },
            "p_max": {
                "min": 0.004868,
                "max": 0.004868,
                "avg": 0.004868
            }
        }
    }
}