{
    "measurements": {
        "p_avg": 0.0003279,
        "p_max": 0.005205,
        "tp_cout": 5.064e-10,
        "tp_cout_fall": 5.834e-10,
        "tp_cout_rise": 5.725e-10,
        "tp_max": 5.834e-10,
        "tp_s8": 5.78e-10,
        "tp_s8_fall": 5.021e-10,
        "tp_s8_rise": 5.106e-10
    }
}