{
    "1": {
        "transition": {},
        "state": {},
        "delay": {},
        "measurements": {
            "i_avg": -0.0001185,
            "i_peak": -0.002152,
            "p_avg": 0.0001382,
            "p_max": 0.004869,
            "pdp": 1.157e-13,
            "tp_cout_fall": 8.31e-10,
            "tp_cout_rise": 8.376e-10,
            "tp_max": 8.376e-10,
            "tp_s7_fall": 7.954e-10,
            "tp_s7_rise": 7.868e-10
        }
    },
    "summary": {
        "delay": {},
        "measurements": {
            "i_avg": {
                "min": -0.0001185,
                "max": -0.0001185,
                "avg": -0.0001185
            },
            "i_peak": {
                "min": -0.002152,
                "max": -0.002152,
                "avg": -0.002152
            },
            "p_avg": {
                "min": 0.0001382,
                "max": 0.0001382,
                "avg": 0.0001382
            },
            "p_max": {
                "min": 0.004869,
                "max": 0.004869,
                "avg": 0.004869
            },
            "pdp": {
                "min": 1.157e-13,
                "max": 1.157e-13,
                "avg": 1.157e-13
            },
            "tp_cout_fall": {
                "min": 8.31e-10,
                "max": 8.31e-10,
                "avg": 8.31e-10
            },
            "tp_cout_rise": {
                "min": 8.376e-10,
                "max": 8.376e-10,
                "avg": 8.376e-10
            },
            "tp_max": {
                "min": 8.376e-10,
                "max": 8.376e-10,
                "avg": 8.376e-10
            },
            "tp_s7_fall": {
                "min": 7.954e-10,
                "max": 7.954e-10,
                "avg": 7.954e-10
            },
            "tp_s7_rise": {
                "min": 7.868e-10,
                "max": 7.868e-10,
                "avg": 7.868e-10
            }
        }
    }
}