{
    "1": {
        "transition": {},
        "state": {},
        "delay": {},
        "measurements": {
            "i_avg": -0.0001181,
            "i_peak": -0.001636,
            "p_avg": 0.0001384,
            "p_max": 0.00433,
            "pdp": 1.5e-13,
            "tp_avg": 1.052e-09,
            "tp_cout_fall": 1.076e-09,
            "tp_cout_rise": 1.083e-09,
            "tp_max": 1.083e-09,
            "tp_s7_fall": 1.03e-09,
            "tp_s7_rise": 1.018e-09
        }
    },
    "summary": {
        "delay": {},
        "measurements": {
            "i_avg": {
                "min": -0.0001181,
                "max": -0.0001181,
                "avg": -0.0001181
            },
            "i_peak": {
                "min": -0.001636,
                "max": -0.001636,
                "avg": -0.001636
            },
            "p_avg": {
                "min": 0.0001384,
                "max": 0.0001384,
                "avg": 0.0001384
            },
            "p_max": {
                "min": 0.00433,
                "max": 0.00433,
                "avg": 0.00433
            },
            "pdp": {
                "min": 1.5e-13,
                "max": 1.5e-13,
                "avg": 1.5e-13
            },
            "tp_avg": {
                "min": 1.052e-09,
                "max": 1.052e-09,
                "avg": 1.052e-09
            },
            "tp_cout_fall": {
                "min": 1.076e-09,
                "max": 1.076e-09,
                "avg": 1.076e-09
            },
            "tp_cout_rise": {
                "min": 1.083e-09,
                "max": 1.083e-09,
                "avg": 1.083e-09
            },
            "tp_max": {
                "min": 1.083e-09,
                "max": 1.083e-09,
                "avg": 1.083e-09
            },
            "tp_s7_fall": {
                "min": 1.03e-09,
                "max": 1.03e-09,
                "avg": 1.03e-09
            },
            "tp_s7_rise": {
                "min": 1.018e-09,
                "max": 1.018e-09,
                "avg": 1.018e-09
            }
        }
    }
}