{
    "1": {
        "transition": {},
        "state": {},
        "delay": {},
        "measurements": {
            "i_avg": -0.0001749,
            "i_peak": -0.002621,
            "p_avg": 0.0002156,
            "p_max": 0.005935
        }
    },
    "summary": {
        "delay": {},
        "measurements": {
            "i_avg": {
                "min": -0.0001749,
                "max": -0.0001749,
                "avg": -0.0001749
            },
            "i_peak": {
                "min": -0.002621,
                "max": -0.002621,
                "avg": -0.002621
            },
            "p_avg": {
                "min": 0.0002156,
                "max": 0.0002156,
                "avg": 0.0002156
            },
            "p_max": {
                "min": 0.005935,
                "max": 0.005935,
                "avg": 0.005935
            }
        }
    }
}