{
    "1": {
        "transition": {},
        "state": {},
        "delay": {},
        "measurements": {
            "i_avg": -0.0001095,
            "i_peak": -0.001695,
            "p_avg": 0.0001284,
            "p_max": 0.004499,
            "pdp": 1.245e-13,
            "tp_avg": 9.438e-10,
            "tp_cout_fall": 9.696e-10,
            "tp_cout_rise": 9.678e-10,
            "tp_max": 9.696e-10,
            "tp_s7_fall": 9.218e-10,
            "tp_s7_rise": 9.161e-10
        }
    },
    "summary": {
        "delay": {},
        "measurements": {
            "i_avg": {
                "min": -0.0001095,
                "max": -0.0001095,
                "avg": -0.0001095
            },
            "i_peak": {
                "min": -0.001695,
                "max": -0.001695,
                "avg": -0.001695
            },
            "p_avg": {
                "min": 0.0001284,
                "max": 0.0001284,
                "avg": 0.0001284
            },
            "p_max": {
                "min": 0.004499,
                "max": 0.004499,
                "avg": 0.004499
            },
            "pdp": {
                "min": 1.245e-13,
                "max": 1.245e-13,
                "avg": 1.245e-13
            },
            "tp_avg": {
                "min": 9.438e-10,
                "max": 9.438e-10,
                "avg": 9.438e-10
            },
            "tp_cout_fall": {
                "min": 9.696e-10,
                "max": 9.696e-10,
                "avg": 9.696e-10
            },
            "tp_cout_rise": {
                "min": 9.678e-10,
                "max": 9.678e-10,
                "avg": 9.678e-10
            },
            "tp_max": {
                "min": 9.696e-10,
                "max": 9.696e-10,
                "avg": 9.696e-10
            },
            "tp_s7_fall": {
                "min": 9.218e-10,
                "max": 9.218e-10,
                "avg": 9.218e-10
            },
            "tp_s7_rise": {
                "min": 9.161e-10,
                "max": 9.161e-10,
                "avg": 9.161e-10
            }
        }
    }
}