{
    "1": {
        "transition": {},
        "state": {},
        "delay": {},
        "measurements": {
            "i_avg": -0.0001189,
            "i_peak": -0.001631,
            "p_avg": 0.0001394,
            "p_max": 0.004316,
            "pdp": 1.524e-13,
            "tp_avg": 1.061e-09,
            "tp_cout_fall": 1.086e-09,
            "tp_cout_rise": 1.093e-09,
            "tp_max": 1.093e-09,
            "tp_s7_fall": 1.04e-09,
            "tp_s7_rise": 1.027e-09
        }
    },
    "summary": {
        "delay": {},
        "measurements": {
            "i_avg": {
                "min": -0.0001189,
                "max": -0.0001189,
                "avg": -0.0001189
            },
            "i_peak": {
                "min": -0.001631,
                "max": -0.001631,
                "avg": -0.001631
            },
            "p_avg": {
                "min": 0.0001394,
                "max": 0.0001394,
                "avg": 0.0001394
            },
            "p_max": {
                "min": 0.004316,
                "max": 0.004316,
                "avg": 0.004316
            },
            "pdp": {
                "min": 1.524e-13,
                "max": 1.524e-13,
                "avg": 1.524e-13
            },
            "tp_avg": {
                "min": 1.061e-09,
                "max": 1.061e-09,
                "avg": 1.061e-09
            },
            "tp_cout_fall": {
                "min": 1.086e-09,
                "max": 1.086e-09,
                "avg": 1.086e-09
            },
            "tp_cout_rise": {
                "min": 1.093e-09,
                "max": 1.093e-09,
                "avg": 1.093e-09
            },
            "tp_max": {
                "min": 1.093e-09,
                "max": 1.093e-09,
                "avg": 1.093e-09
            },
            "tp_s7_fall": {
                "min": 1.04e-09,
                "max": 1.04e-09,
                "avg": 1.04e-09
            },
            "tp_s7_rise": {
                "min": 1.027e-09,
                "max": 1.027e-09,
                "avg": 1.027e-09
            }
        }
    }
}