{
    "1": {
        "transition": {},
        "state": {},
        "delay": {},
        "measurements": {
            "i_avg": -0.0001108,
            "i_peak": -0.00169,
            "p_avg": 0.0001299,
            "p_max": 0.00447,
            "pdp": 1.282e-13,
            "tp_avg": 9.617e-10,
            "tp_cout_fall": 9.872e-10,
            "tp_cout_rise": 9.869e-10,
            "tp_max": 9.872e-10,
            "tp_s7_fall": 9.396e-10,
            "tp_s7_rise": 9.329e-10
        }
    },
    "summary": {
        "delay": {},
        "measurements": {
            "i_avg": {
                "min": -0.0001108,
                "max": -0.0001108,
                "avg": -0.0001108
            },
            "i_peak": {
                "min": -0.00169,
                "max": -0.00169,
                "avg": -0.00169
            },
            "p_avg": {
                "min": 0.0001299,
                "max": 0.0001299,
                "avg": 0.0001299
            },
            "p_max": {
                "min": 0.00447,
                "max": 0.00447,
                "avg": 0.00447
            },
            "pdp": {
                "min": 1.282e-13,
                "max": 1.282e-13,
                "avg": 1.282e-13
            },
            "tp_avg": {
                "min": 9.617e-10,
                "max": 9.617e-10,
                "avg": 9.617e-10
            },
            "tp_cout_fall": {
                "min": 9.872e-10,
                "max": 9.872e-10,
                "avg": 9.872e-10
            },
            "tp_cout_rise": {
                "min": 9.869e-10,
                "max": 9.869e-10,
                "avg": 9.869e-10
            },
            "tp_max": {
                "min": 9.872e-10,
                "max": 9.872e-10,
                "avg": 9.872e-10
            },
            "tp_s7_fall": {
                "min": 9.396e-10,
                "max": 9.396e-10,
                "avg": 9.396e-10
            },
            "tp_s7_rise": {
                "min": 9.329e-10,
                "max": 9.329e-10,
                "avg": 9.329e-10
            }
        }
    }
}