{
    "1": {
        "transition": {},
        "state": {},
        "delay": {},
        "measurements": {
            "i_avg": -0.0001044,
            "i_peak": -0.001359,
            "p_avg": 0.000123,
            "p_max": 0.004061,
            "pdp": 1.416e-13,
            "tp_cout_fall": 1.151e-09,
            "tp_cout_rise": 1.142e-09,
            "tp_max": 1.151e-09,
            "tp_s7_fall": 1.09e-09,
            "tp_s7_rise": 1.086e-09
        }
    },
    "summary": {
        "delay": {},
        "measurements": {
            "i_avg": {
                "min": -0.0001044,
                "max": -0.0001044,
                "avg": -0.0001044
            },
            "i_peak": {
                "min": -0.001359,
                "max": -0.001359,
                "avg": -0.001359
            },
            "p_avg": {
                "min": 0.000123,
                "max": 0.000123,
                "avg": 0.000123
            },
            "p_max": {
                "min": 0.004061,
                "max": 0.004061,
                "avg": 0.004061
            },
            "pdp": {
                "min": 1.416e-13,
                "max": 1.416e-13,
                "avg": 1.416e-13
            },
            "tp_cout_fall": {
                "min": 1.151e-09,
                "max": 1.151e-09,
                "avg": 1.151e-09
            },
            "tp_cout_rise": {
                "min": 1.142e-09,
                "max": 1.142e-09,
                "avg": 1.142e-09
            },
            "tp_max": {
                "min": 1.151e-09,
                "max": 1.151e-09,
                "avg": 1.151e-09
            },
            "tp_s7_fall": {
                "min": 1.09e-09,
                "max": 1.09e-09,
                "avg": 1.09e-09
            },
            "tp_s7_rise": {
                "min": 1.086e-09,
                "max": 1.086e-09,
                "avg": 1.086e-09
            }
        }
    }
}