{
    "measurements": {
        "p_avg": 0.0002912,
        "p_max": 0.004448,
        "tp_cout": 6.691e-10,
        "tp_cout_fall": 7.655e-10,
        "tp_cout_rise": 7.632e-10,
        "tp_max": 7.655e-10,
        "tp_s8": 7.643e-10,
        "tp_s8_fall": 6.7e-10,
        "tp_s8_rise": 6.682e-10
    }
}