{
    "1": {
        "transition": {},
        "state": {},
        "delay": {},
        "measurements": {
            "i_avg": -0.0001088,
            "i_peak": -0.001701,
            "p_avg": 0.0001276,
            "p_max": 0.004513,
            "pdp": 1.226e-13,
            "tp_avg": 9.349e-10,
            "tp_cout_fall": 9.608e-10,
            "tp_cout_rise": 9.583e-10,
            "tp_max": 9.608e-10,
            "tp_s7_fall": 9.129e-10,
            "tp_s7_rise": 9.077e-10
        }
    },
    "summary": {
        "delay": {},
        "measurements": {
            "i_avg": {
                "min": -0.0001088,
                "max": -0.0001088,
                "avg": -0.0001088
            },
            "i_peak": {
                "min": -0.001701,
                "max": -0.001701,
                "avg": -0.001701
            },
            "p_avg": {
                "min": 0.0001276,
                "max": 0.0001276,
                "avg": 0.0001276
            },
            "p_max": {
                "min": 0.004513,
                "max": 0.004513,
                "avg": 0.004513
            },
            "pdp": {
                "min": 1.226e-13,
                "max": 1.226e-13,
                "avg": 1.226e-13
            },
            "tp_avg": {
                "min": 9.349e-10,
                "max": 9.349e-10,
                "avg": 9.349e-10
            },
            "tp_cout_fall": {
                "min": 9.608e-10,
                "max": 9.608e-10,
                "avg": 9.608e-10
            },
            "tp_cout_rise": {
                "min": 9.583e-10,
                "max": 9.583e-10,
                "avg": 9.583e-10
            },
            "tp_max": {
                "min": 9.608e-10,
                "max": 9.608e-10,
                "avg": 9.608e-10
            },
            "tp_s7_fall": {
                "min": 9.129e-10,
                "max": 9.129e-10,
                "avg": 9.129e-10
            },
            "tp_s7_rise": {
                "min": 9.077e-10,
                "max": 9.077e-10,
                "avg": 9.077e-10
            }
        }
    }
}