{
    "measurements": {
        "p_avg": 0.0003055,
        "p_max": 0.004743,
        "tp_cout": 5.886e-10,
        "tp_cout_fall": 6.769e-10,
        "tp_cout_rise": 6.679e-10,
        "tp_max": 6.769e-10,
        "tp_s8": 6.724e-10,
        "tp_s8_fall": 5.876e-10,
        "tp_s8_rise": 5.896e-10
    }
}