{
    "1": {
        "transition": {},
        "state": {},
        "delay": {},
        "measurements": {
            "i_avg": -0.00011,
            "i_peak": -0.001644,
            "p_avg": 0.000129,
            "p_max": 0.004511,
            "pdp": 1.283e-13,
            "tp_cout_fall": 9.937e-10,
            "tp_cout_rise": 9.947e-10,
            "tp_max": 9.947e-10,
            "tp_s7_fall": 9.506e-10,
            "tp_s7_rise": 9.369e-10
        }
    },
    "summary": {
        "delay": {},
        "measurements": {
            "i_avg": {
                "min": -0.00011,
                "max": -0.00011,
                "avg": -0.00011
            },
            "i_peak": {
                "min": -0.001644,
                "max": -0.001644,
                "avg": -0.001644
            },
            "p_avg": {
                "min": 0.000129,
                "max": 0.000129,
                "avg": 0.000129
            },
            "p_max": {
                "min": 0.004511,
                "max": 0.004511,
                "avg": 0.004511
            },
            "pdp": {
                "min": 1.283e-13,
                "max": 1.283e-13,
                "avg": 1.283e-13
            },
            "tp_cout_fall": {
                "min": 9.937e-10,
                "max": 9.937e-10,
                "avg": 9.937e-10
            },
            "tp_cout_rise": {
                "min": 9.947e-10,
                "max": 9.947e-10,
                "avg": 9.947e-10
            },
            "tp_max": {
                "min": 9.947e-10,
                "max": 9.947e-10,
                "avg": 9.947e-10
            },
            "tp_s7_fall": {
                "min": 9.506e-10,
                "max": 9.506e-10,
                "avg": 9.506e-10
            },
            "tp_s7_rise": {
                "min": 9.369e-10,
                "max": 9.369e-10,
                "avg": 9.369e-10
            }
        }
    }
}