{
    "1": {
        "transition": {},
        "state": {},
        "delay": {},
        "measurements": {
            "p_avg": 0.0003091,
            "p_max": 0.004737,
            "tp_avg": 6.342e-10,
            "tp_cout": 6.762e-10,
            "tp_cout_fall": 6.805e-10,
            "tp_cout_rise": 6.719e-10,
            "tp_max": 6.805e-10,
            "tp_s8": 5.921e-10,
            "tp_s8_fall": 5.896e-10,
            "tp_s8_rise": 5.947e-10
        }
    },
    "summary": {
        "delay": {},
        "measurements": {
            "p_avg": {
                "min": 0.0003091,
                "max": 0.0003091,
                "avg": 0.0003091
            },
            "p_max": {
                "min": 0.004737,
                "max": 0.004737,
                "avg": 0.004737
            },
            "tp_avg": {
                "min": 6.342e-10,
                "max": 6.342e-10,
                "avg": 6.342e-10
            },
            "tp_cout": {
                "min": 6.762e-10,
                "max": 6.762e-10,
                "avg": 6.762e-10
            },
            "tp_cout_fall": {
                "min": 6.805e-10,
                "max": 6.805e-10,
                "avg": 6.805e-10
            },
            "tp_cout_rise": {
                "min": 6.719e-10,
                "max": 6.719e-10,
                "avg": 6.719e-10
            },
            "tp_max": {
                "min": 6.805e-10,
                "max": 6.805e-10,
                "avg": 6.805e-10
            },
            "tp_s8": {
                "min": 5.921e-10,
                "max": 5.921e-10,
                "avg": 5.921e-10
            },
            "tp_s8_fall": {
                "min": 5.896e-10,
                "max": 5.896e-10,
                "avg": 5.896e-10
            },
            "tp_s8_rise": {
                "min": 5.947e-10,
                "max": 5.947e-10,
                "avg": 5.947e-10
            }
        }
    }
}