{
    "1": {
        "transition": {},
        "state": {},
        "delay": {},
        "measurements": {
            "i_avg": -0.0001114,
            "i_peak": -0.001689,
            "p_avg": 0.0001307,
            "p_max": 0.004457,
            "pdp": 1.302e-13,
            "tp_avg": 9.706e-10,
            "tp_cout_fall": 9.96e-10,
            "tp_cout_rise": 9.964e-10,
            "tp_max": 9.964e-10,
            "tp_s7_fall": 9.486e-10,
            "tp_s7_rise": 9.413e-10
        }
    },
    "summary": {
        "delay": {},
        "measurements": {
            "i_avg": {
                "min": -0.0001114,
                "max": -0.0001114,
                "avg": -0.0001114
            },
            "i_peak": {
                "min": -0.001689,
                "max": -0.001689,
                "avg": -0.001689
            },
            "p_avg": {
                "min": 0.0001307,
                "max": 0.0001307,
                "avg": 0.0001307
            },
            "p_max": {
                "min": 0.004457,
                "max": 0.004457,
                "avg": 0.004457
            },
            "pdp": {
                "min": 1.302e-13,
                "max": 1.302e-13,
                "avg": 1.302e-13
            },
            "tp_avg": {
                "min": 9.706e-10,
                "max": 9.706e-10,
                "avg": 9.706e-10
            },
            "tp_cout_fall": {
                "min": 9.96e-10,
                "max": 9.96e-10,
                "avg": 9.96e-10
            },
            "tp_cout_rise": {
                "min": 9.964e-10,
                "max": 9.964e-10,
                "avg": 9.964e-10
            },
            "tp_max": {
                "min": 9.964e-10,
                "max": 9.964e-10,
                "avg": 9.964e-10
            },
            "tp_s7_fall": {
                "min": 9.486e-10,
                "max": 9.486e-10,
                "avg": 9.486e-10
            },
            "tp_s7_rise": {
                "min": 9.413e-10,
                "max": 9.413e-10,
                "avg": 9.413e-10
            }
        }
    }
}