{
    "1": {
        "transition": {},
        "state": {},
        "delay": {},
        "measurements": {
            "i_avg": -0.000115,
            "i_peak": -0.001665,
            "p_avg": 0.0001348,
            "p_max": 0.004387,
            "pdp": 1.408e-13,
            "tp_avg": 1.015e-09,
            "tp_cout_fall": 1.04e-09,
            "tp_cout_rise": 1.044e-09,
            "tp_max": 1.044e-09,
            "tp_s7_fall": 9.937e-10,
            "tp_s7_rise": 9.836e-10
        }
    },
    "summary": {
        "delay": {},
        "measurements": {
            "i_avg": {
                "min": -0.000115,
                "max": -0.000115,
                "avg": -0.000115
            },
            "i_peak": {
                "min": -0.001665,
                "max": -0.001665,
                "avg": -0.001665
            },
            "p_avg": {
                "min": 0.0001348,
                "max": 0.0001348,
                "avg": 0.0001348
            },
            "p_max": {
                "min": 0.004387,
                "max": 0.004387,
                "avg": 0.004387
            },
            "pdp": {
                "min": 1.408e-13,
                "max": 1.408e-13,
                "avg": 1.408e-13
            },
            "tp_avg": {
                "min": 1.015e-09,
                "max": 1.015e-09,
                "avg": 1.015e-09
            },
            "tp_cout_fall": {
                "min": 1.04e-09,
                "max": 1.04e-09,
                "avg": 1.04e-09
            },
            "tp_cout_rise": {
                "min": 1.044e-09,
                "max": 1.044e-09,
                "avg": 1.044e-09
            },
            "tp_max": {
                "min": 1.044e-09,
                "max": 1.044e-09,
                "avg": 1.044e-09
            },
            "tp_s7_fall": {
                "min": 9.937e-10,
                "max": 9.937e-10,
                "avg": 9.937e-10
            },
            "tp_s7_rise": {
                "min": 9.836e-10,
                "max": 9.836e-10,
                "avg": 9.836e-10
            }
        }
    }
}