{
    "1": {
        "transition": {},
        "state": {},
        "delay": {},
        "measurements": {
            "i_avg": -0.0001635,
            "i_peak": -0.002376,
            "p_avg": 0.0002027,
            "p_max": 0.005338
        }
    },
    "summary": {
        "delay": {},
        "measurements": {
            "i_avg": {
                "min": -0.0001635,
                "max": -0.0001635,
                "avg": -0.0001635
            },
            "i_peak": {
                "min": -0.002376,
                "max": -0.002376,
                "avg": -0.002376
            },
            "p_avg": {
                "min": 0.0002027,
                "max": 0.0002027,
                "avg": 0.0002027
            },
            "p_max": {
                "min": 0.005338,
                "max": 0.005338,
                "avg": 0.005338
            }
        }
    }
}