{
    "1": {
        "transition": {},
        "state": {},
        "delay": {},
        "measurements": {
            "i_avg": -0.0001142,
            "i_peak": -0.001673,
            "p_avg": 0.0001339,
            "p_max": 0.004401,
            "pdp": 1.386e-13,
            "tp_avg": 1.006e-09,
            "tp_cout_fall": 1.031e-09,
            "tp_cout_rise": 1.035e-09,
            "tp_max": 1.035e-09,
            "tp_s7_fall": 9.846e-10,
            "tp_s7_rise": 9.751e-10
        }
    },
    "summary": {
        "delay": {},
        "measurements": {
            "i_avg": {
                "min": -0.0001142,
                "max": -0.0001142,
                "avg": -0.0001142
            },
            "i_peak": {
                "min": -0.001673,
                "max": -0.001673,
                "avg": -0.001673
            },
            "p_avg": {
                "min": 0.0001339,
                "max": 0.0001339,
                "avg": 0.0001339
            },
            "p_max": {
                "min": 0.004401,
                "max": 0.004401,
                "avg": 0.004401
            },
            "pdp": {
                "min": 1.386e-13,
                "max": 1.386e-13,
                "avg": 1.386e-13
            },
            "tp_avg": {
                "min": 1.006e-09,
                "max": 1.006e-09,
                "avg": 1.006e-09
            },
            "tp_cout_fall": {
                "min": 1.031e-09,
                "max": 1.031e-09,
                "avg": 1.031e-09
            },
            "tp_cout_rise": {
                "min": 1.035e-09,
                "max": 1.035e-09,
                "avg": 1.035e-09
            },
            "tp_max": {
                "min": 1.035e-09,
                "max": 1.035e-09,
                "avg": 1.035e-09
            },
            "tp_s7_fall": {
                "min": 9.846e-10,
                "max": 9.846e-10,
                "avg": 9.846e-10
            },
            "tp_s7_rise": {
                "min": 9.751e-10,
                "max": 9.751e-10,
                "avg": 9.751e-10
            }
        }
    }
}