{
    "1": {
        "transition": {},
        "state": {},
        "delay": {},
        "measurements": {
            "i_avg": -0.0001104,
            "i_peak": -0.001734,
            "p_avg": 0.0001296,
            "p_max": 0.004354,
            "pdp": 1.257e-13,
            "tp_cout_fall": 9.666e-10,
            "tp_cout_rise": 9.699e-10,
            "tp_max": 9.699e-10,
            "tp_s7_fall": 9.193e-10,
            "tp_s7_rise": 9.156e-10
        }
    },
    "summary": {
        "delay": {},
        "measurements": {
            "i_avg": {
                "min": -0.0001104,
                "max": -0.0001104,
                "avg": -0.0001104
            },
            "i_peak": {
                "min": -0.001734,
                "max": -0.001734,
                "avg": -0.001734
            },
            "p_avg": {
                "min": 0.0001296,
                "max": 0.0001296,
                "avg": 0.0001296
            },
            "p_max": {
                "min": 0.004354,
                "max": 0.004354,
                "avg": 0.004354
            },
            "pdp": {
                "min": 1.257e-13,
                "max": 1.257e-13,
                "avg": 1.257e-13
            },
            "tp_cout_fall": {
                "min": 9.666e-10,
                "max": 9.666e-10,
                "avg": 9.666e-10
            },
            "tp_cout_rise": {
                "min": 9.699e-10,
                "max": 9.699e-10,
                "avg": 9.699e-10
            },
            "tp_max": {
                "min": 9.699e-10,
                "max": 9.699e-10,
                "avg": 9.699e-10
            },
            "tp_s7_fall": {
                "min": 9.193e-10,
                "max": 9.193e-10,
                "avg": 9.193e-10
            },
            "tp_s7_rise": {
                "min": 9.156e-10,
                "max": 9.156e-10,
                "avg": 9.156e-10
            }
        }
    }
}