{
    "1": {
        "transition": {},
        "state": {},
        "delay": {},
        "measurements": {
            "p_avg": 0.0003123,
            "p_max": 0.004698,
            "tp_avg": 6.448e-10,
            "tp_cout": 6.876e-10,
            "tp_cout_fall": 6.926e-10,
            "tp_cout_rise": 6.825e-10,
            "tp_max": 6.926e-10,
            "tp_s8": 6.021e-10,
            "tp_s8_fall": 5.989e-10,
            "tp_s8_rise": 6.053e-10
        }
    },
    "summary": {
        "delay": {},
        "measurements": {
            "p_avg": {
                "min": 0.0003123,
                "max": 0.0003123,
                "avg": 0.0003123
            },
            "p_max": {
                "min": 0.004698,
                "max": 0.004698,
                "avg": 0.004698
            },
            "tp_avg": {
                "min": 6.448e-10,
                "max": 6.448e-10,
                "avg": 6.448e-10
            },
            "tp_cout": {
                "min": 6.876e-10,
                "max": 6.876e-10,
                "avg": 6.876e-10
            },
            "tp_cout_fall": {
                "min": 6.926e-10,
                "max": 6.926e-10,
                "avg": 6.926e-10
            },
            "tp_cout_rise": {
                "min": 6.825e-10,
                "max": 6.825e-10,
                "avg": 6.825e-10
            },
            "tp_max": {
                "min": 6.926e-10,
                "max": 6.926e-10,
                "avg": 6.926e-10
            },
            "tp_s8": {
                "min": 6.021e-10,
                "max": 6.021e-10,
                "avg": 6.021e-10
            },
            "tp_s8_fall": {
                "min": 5.989e-10,
                "max": 5.989e-10,
                "avg": 5.989e-10
            },
            "tp_s8_rise": {
                "min": 6.053e-10,
                "max": 6.053e-10,
                "avg": 6.053e-10
            }
        }
    }
}