{
    "1": {
        "transition": {},
        "state": {},
        "delay": {},
        "measurements": {
            "i_avg": -0.0001128,
            "i_peak": -0.001677,
            "p_avg": 0.0001323,
            "p_max": 0.004429,
            "pdp": 1.343e-13,
            "tp_avg": 9.885e-10,
            "tp_cout_fall": 1.014e-09,
            "tp_cout_rise": 1.016e-09,
            "tp_max": 1.016e-09,
            "tp_s7_fall": 9.666e-10,
            "tp_s7_rise": 9.581e-10
        }
    },
    "summary": {
        "delay": {},
        "measurements": {
            "i_avg": {
                "min": -0.0001128,
                "max": -0.0001128,
                "avg": -0.0001128
            },
            "i_peak": {
                "min": -0.001677,
                "max": -0.001677,
                "avg": -0.001677
            },
            "p_avg": {
                "min": 0.0001323,
                "max": 0.0001323,
                "avg": 0.0001323
            },
            "p_max": {
                "min": 0.004429,
                "max": 0.004429,
                "avg": 0.004429
            },
            "pdp": {
                "min": 1.343e-13,
                "max": 1.343e-13,
                "avg": 1.343e-13
            },
            "tp_avg": {
                "min": 9.885e-10,
                "max": 9.885e-10,
                "avg": 9.885e-10
            },
            "tp_cout_fall": {
                "min": 1.014e-09,
                "max": 1.014e-09,
                "avg": 1.014e-09
            },
            "tp_cout_rise": {
                "min": 1.016e-09,
                "max": 1.016e-09,
                "avg": 1.016e-09
            },
            "tp_max": {
                "min": 1.016e-09,
                "max": 1.016e-09,
                "avg": 1.016e-09
            },
            "tp_s7_fall": {
                "min": 9.666e-10,
                "max": 9.666e-10,
                "avg": 9.666e-10
            },
            "tp_s7_rise": {
                "min": 9.581e-10,
                "max": 9.581e-10,
                "avg": 9.581e-10
            }
        }
    }
}