{
    "1": {
        "transition": {},
        "state": {},
        "delay": {},
        "measurements": {
            "p_avg": 0.0003077,
            "p_max": 0.004755,
            "tp_avg": 6.289e-10,
            "tp_cout": 6.705e-10,
            "tp_cout_fall": 6.745e-10,
            "tp_cout_rise": 6.666e-10,
            "tp_max": 6.745e-10,
            "tp_s8": 5.872e-10,
            "tp_s8_fall": 5.849e-10,
            "tp_s8_rise": 5.895e-10
        }
    },
    "summary": {
        "delay": {},
        "measurements": {
            "p_avg": {
                "min": 0.0003077,
                "max": 0.0003077,
                "avg": 0.0003077
            },
            "p_max": {
                "min": 0.004755,
                "max": 0.004755,
                "avg": 0.004755
            },
            "tp_avg": {
                "min": 6.289e-10,
                "max": 6.289e-10,
                "avg": 6.289e-10
            },
            "tp_cout": {
                "min": 6.705e-10,
                "max": 6.705e-10,
                "avg": 6.705e-10
            },
            "tp_cout_fall": {
                "min": 6.745e-10,
                "max": 6.745e-10,
                "avg": 6.745e-10
            },
            "tp_cout_rise": {
                "min": 6.666e-10,
                "max": 6.666e-10,
                "avg": 6.666e-10
            },
            "tp_max": {
                "min": 6.745e-10,
                "max": 6.745e-10,
                "avg": 6.745e-10
            },
            "tp_s8": {
                "min": 5.872e-10,
                "max": 5.872e-10,
                "avg": 5.872e-10
            },
            "tp_s8_fall": {
                "min": 5.849e-10,
                "max": 5.849e-10,
                "avg": 5.849e-10
            },
            "tp_s8_rise": {
                "min": 5.895e-10,
                "max": 5.895e-10,
                "avg": 5.895e-10
            }
        }
    }
}