{
    "1": {
        "transition": {},
        "state": {},
        "delay": {},
        "measurements": {
            "i_avg": -0.0001623,
            "i_peak": -0.002242,
            "p_avg": 0.0002021,
            "p_max": 0.005346
        }
    },
    "summary": {
        "delay": {},
        "measurements": {
            "i_avg": {
                "min": -0.0001623,
                "max": -0.0001623,
                "avg": -0.0001623
            },
            "i_peak": {
                "min": -0.002242,
                "max": -0.002242,
                "avg": -0.002242
            },
            "p_avg": {
                "min": 0.0002021,
                "max": 0.0002021,
                "avg": 0.0002021
            },
            "p_max": {
                "min": 0.005346,
                "max": 0.005346,
                "avg": 0.005346
            }
        }
    }
}