{
    "measurements": {
        "p_avg": 0.0003073,
        "p_max": 0.004753,
        "tp_cout": 5.816e-10,
        "tp_cout_fall": 6.661e-10,
        "tp_cout_rise": 6.617e-10,
        "tp_max": 6.661e-10,
        "tp_s8": 6.639e-10,
        "tp_s8_fall": 5.79e-10,
        "tp_s8_rise": 5.842e-10
    }
}