{
    "measurements": {
        "p_avg": 0.0003061,
        "p_max": 0.004779,
        "tp_cout": 5.822e-10,
        "tp_cout_fall": 6.685e-10,
        "tp_cout_rise": 6.613e-10,
        "tp_max": 6.685e-10,
        "tp_s8": 6.649e-10,
        "tp_s8_fall": 5.803e-10,
        "tp_s8_rise": 5.842e-10,
        "area": 
    }
}