{
    "p_avg": 0.0005063,
    "p_max": 0.007876,
    "p_static_avg": 3.07013e-06,
    "p_static_max": 3.61e-06,
    "p_dynamic_avg": 0.00050322987,
    "p_dynamic_max": 0.00787239
}