{
    "1": {
        "transition": {},
        "state": {},
        "delay": {},
        "measurements": {
            "p_avg": 0.0003191,
            "p_max": 0.004627,
            "tp_avg": 6.664e-10,
            "tp_cout": 7.106e-10,
            "tp_cout_fall": 7.171e-10,
            "tp_cout_rise": 7.041e-10,
            "tp_max": 7.171e-10,
            "tp_s8": 6.223e-10,
            "tp_s8_fall": 6.179e-10,
            "tp_s8_rise": 6.267e-10
        }
    },
    "summary": {
        "delay": {},
        "measurements": {
            "p_avg": {
                "min": 0.0003191,
                "max": 0.0003191,
                "avg": 0.0003191
            },
            "p_max": {
                "min": 0.004627,
                "max": 0.004627,
                "avg": 0.004627
            },
            "tp_avg": {
                "min": 6.664e-10,
                "max": 6.664e-10,
                "avg": 6.664e-10
            },
            "tp_cout": {
                "min": 7.106e-10,
                "max": 7.106e-10,
                "avg": 7.106e-10
            },
            "tp_cout_fall": {
                "min": 7.171e-10,
                "max": 7.171e-10,
                "avg": 7.171e-10
            },
            "tp_cout_rise": {
                "min": 7.041e-10,
                "max": 7.041e-10,
                "avg": 7.041e-10
            },
            "tp_max": {
                "min": 7.171e-10,
                "max": 7.171e-10,
                "avg": 7.171e-10
            },
            "tp_s8": {
                "min": 6.223e-10,
                "max": 6.223e-10,
                "avg": 6.223e-10
            },
            "tp_s8_fall": {
                "min": 6.179e-10,
                "max": 6.179e-10,
                "avg": 6.179e-10
            },
            "tp_s8_rise": {
                "min": 6.267e-10,
                "max": 6.267e-10,
                "avg": 6.267e-10
            }
        }
    }
}