{
    "p_avg": 0.0002156,
    "p_max": 0.005935,
    "p_static_avg": 1.5570800000000002e-06,
    "p_static_max": 1.606e-06,
    "p_dynamic_avg": 0.00021404292000000002,
    "p_dynamic_max": 0.005933394
}