{
    "p_avg": 0.0005388,
    "p_max": 0.008677,
    "p_static_avg": 5.594009999999999e-06,
    "p_static_max": 6.004e-06,
    "p_dynamic_avg": 0.00053320599,
    "p_dynamic_max": 0.008670996
}