{
    "1": {
        "transition": {},
        "state": {},
        "delay": {},
        "measurements": {
            "i_avg": -0.0001631,
            "i_peak": -0.002288,
            "p_avg": 0.0002025,
            "p_max": 0.005397
        }
    },
    "summary": {
        "delay": {},
        "measurements": {
            "i_avg": {
                "min": -0.0001631,
                "max": -0.0001631,
                "avg": -0.0001631
            },
            "i_peak": {
                "min": -0.002288,
                "max": -0.002288,
                "avg": -0.002288
            },
            "p_avg": {
                "min": 0.0002025,
                "max": 0.0002025,
                "avg": 0.0002025
            },
            "p_max": {
                "min": 0.005397,
                "max": 0.005397,
                "avg": 0.005397
            }
        }
    }
}