{
    "1": {
        "transition": {},
        "state": {},
        "delay": {},
        "measurements": {
            "p_avg": 0.0003061,
            "p_max": 0.004779,
            "tp_avg": 6.236e-10,
            "tp_cout": 6.649e-10,
            "tp_cout_fall": 6.685e-10,
            "tp_cout_rise": 6.613e-10,
            "tp_max": 6.685e-10,
            "tp_s8": 5.822e-10,
            "tp_s8_fall": 5.803e-10,
            "tp_s8_rise": 5.842e-10
        }
    },
    "summary": {
        "delay": {},
        "measurements": {
            "p_avg": {
                "min": 0.0003061,
                "max": 0.0003061,
                "avg": 0.0003061
            },
            "p_max": {
                "min": 0.004779,
                "max": 0.004779,
                "avg": 0.004779
            },
            "tp_avg": {
                "min": 6.236e-10,
                "max": 6.236e-10,
                "avg": 6.236e-10
            },
            "tp_cout": {
                "min": 6.649e-10,
                "max": 6.649e-10,
                "avg": 6.649e-10
            },
            "tp_cout_fall": {
                "min": 6.685e-10,
                "max": 6.685e-10,
                "avg": 6.685e-10
            },
            "tp_cout_rise": {
                "min": 6.613e-10,
                "max": 6.613e-10,
                "avg": 6.613e-10
            },
            "tp_max": {
                "min": 6.685e-10,
                "max": 6.685e-10,
                "avg": 6.685e-10
            },
            "tp_s8": {
                "min": 5.822e-10,
                "max": 5.822e-10,
                "avg": 5.822e-10
            },
            "tp_s8_fall": {
                "min": 5.803e-10,
                "max": 5.803e-10,
                "avg": 5.803e-10
            },
            "tp_s8_rise": {
                "min": 5.842e-10,
                "max": 5.842e-10,
                "avg": 5.842e-10
            }
        }
    }
}