{
    "1": {
        "transition": {},
        "state": {},
        "delay": {},
        "measurements": {
            "i_avg": -0.0001101,
            "i_peak": -0.001691,
            "p_avg": 0.0001291,
            "p_max": 0.004485,
            "pdp": 1.263e-13,
            "tp_avg": 9.527e-10,
            "tp_cout_fall": 9.784e-10,
            "tp_cout_rise": 9.773e-10,
            "tp_max": 9.784e-10,
            "tp_s7_fall": 9.307e-10,
            "tp_s7_rise": 9.245e-10
        }
    },
    "summary": {
        "delay": {},
        "measurements": {
            "i_avg": {
                "min": -0.0001101,
                "max": -0.0001101,
                "avg": -0.0001101
            },
            "i_peak": {
                "min": -0.001691,
                "max": -0.001691,
                "avg": -0.001691
            },
            "p_avg": {
                "min": 0.0001291,
                "max": 0.0001291,
                "avg": 0.0001291
            },
            "p_max": {
                "min": 0.004485,
                "max": 0.004485,
                "avg": 0.004485
            },
            "pdp": {
                "min": 1.263e-13,
                "max": 1.263e-13,
                "avg": 1.263e-13
            },
            "tp_avg": {
                "min": 9.527e-10,
                "max": 9.527e-10,
                "avg": 9.527e-10
            },
            "tp_cout_fall": {
                "min": 9.784e-10,
                "max": 9.784e-10,
                "avg": 9.784e-10
            },
            "tp_cout_rise": {
                "min": 9.773e-10,
                "max": 9.773e-10,
                "avg": 9.773e-10
            },
            "tp_max": {
                "min": 9.784e-10,
                "max": 9.784e-10,
                "avg": 9.784e-10
            },
            "tp_s7_fall": {
                "min": 9.307e-10,
                "max": 9.307e-10,
                "avg": 9.307e-10
            },
            "tp_s7_rise": {
                "min": 9.245e-10,
                "max": 9.245e-10,
                "avg": 9.245e-10
            }
        }
    }
}