{
    "1": {
        "transition": {},
        "state": {},
        "delay": {},
        "measurements": {
            "i_avg": -0.0001157,
            "i_peak": -0.001656,
            "p_avg": 0.0001356,
            "p_max": 0.004373,
            "pdp": 1.43e-13,
            "tp_avg": 1.025e-09,
            "tp_cout_fall": 1.049e-09,
            "tp_cout_rise": 1.054e-09,
            "tp_max": 1.054e-09,
            "tp_s7_fall": 1.003e-09,
            "tp_s7_rise": 9.921e-10
        }
    },
    "summary": {
        "delay": {},
        "measurements": {
            "i_avg": {
                "min": -0.0001157,
                "max": -0.0001157,
                "avg": -0.0001157
            },
            "i_peak": {
                "min": -0.001656,
                "max": -0.001656,
                "avg": -0.001656
            },
            "p_avg": {
                "min": 0.0001356,
                "max": 0.0001356,
                "avg": 0.0001356
            },
            "p_max": {
                "min": 0.004373,
                "max": 0.004373,
                "avg": 0.004373
            },
            "pdp": {
                "min": 1.43e-13,
                "max": 1.43e-13,
                "avg": 1.43e-13
            },
            "tp_avg": {
                "min": 1.025e-09,
                "max": 1.025e-09,
                "avg": 1.025e-09
            },
            "tp_cout_fall": {
                "min": 1.049e-09,
                "max": 1.049e-09,
                "avg": 1.049e-09
            },
            "tp_cout_rise": {
                "min": 1.054e-09,
                "max": 1.054e-09,
                "avg": 1.054e-09
            },
            "tp_max": {
                "min": 1.054e-09,
                "max": 1.054e-09,
                "avg": 1.054e-09
            },
            "tp_s7_fall": {
                "min": 1.003e-09,
                "max": 1.003e-09,
                "avg": 1.003e-09
            },
            "tp_s7_rise": {
                "min": 9.921e-10,
                "max": 9.921e-10,
                "avg": 9.921e-10
            }
        }
    }
}