{
    "p_avg": 0.0002021,
    "p_max": 0.005346,
    "p_static_avg": 6.12521e-07,
    "p_static_max": 6.606e-07,
    "p_dynamic_avg": 0.00020148747900000001,
    "p_dynamic_max": 0.0053453394
}