{
    "p_avg": 0.0005058,
    "p_max": 0.008299,
    "p_static_avg": 2.5029e-06,
    "p_static_max": 3.034e-06,
    "p_dynamic_avg": 0.0005032971,
    "p_dynamic_max": 0.008295966
}