{
    "1": {
        "transition": {},
        "state": {},
        "delay": {},
        "measurements": {
            "i_avg": -0.0001121,
            "i_peak": -0.001675,
            "p_avg": 0.0001314,
            "p_max": 0.004443,
            "pdp": 1.322e-13,
            "tp_avg": 9.795e-10,
            "tp_cout_fall": 1.005e-09,
            "tp_cout_rise": 1.006e-09,
            "tp_max": 1.006e-09,
            "tp_s7_fall": 9.576e-10,
            "tp_s7_rise": 9.497e-10
        }
    },
    "summary": {
        "delay": {},
        "measurements": {
            "i_avg": {
                "min": -0.0001121,
                "max": -0.0001121,
                "avg": -0.0001121
            },
            "i_peak": {
                "min": -0.001675,
                "max": -0.001675,
                "avg": -0.001675
            },
            "p_avg": {
                "min": 0.0001314,
                "max": 0.0001314,
                "avg": 0.0001314
            },
            "p_max": {
                "min": 0.004443,
                "max": 0.004443,
                "avg": 0.004443
            },
            "pdp": {
                "min": 1.322e-13,
                "max": 1.322e-13,
                "avg": 1.322e-13
            },
            "tp_avg": {
                "min": 9.795e-10,
                "max": 9.795e-10,
                "avg": 9.795e-10
            },
            "tp_cout_fall": {
                "min": 1.005e-09,
                "max": 1.005e-09,
                "avg": 1.005e-09
            },
            "tp_cout_rise": {
                "min": 1.006e-09,
                "max": 1.006e-09,
                "avg": 1.006e-09
            },
            "tp_max": {
                "min": 1.006e-09,
                "max": 1.006e-09,
                "avg": 1.006e-09
            },
            "tp_s7_fall": {
                "min": 9.576e-10,
                "max": 9.576e-10,
                "avg": 9.576e-10
            },
            "tp_s7_rise": {
                "min": 9.497e-10,
                "max": 9.497e-10,
                "avg": 9.497e-10
            }
        }
    }
}