{
    "p_avg": 0.0005058,
    "p_max": 0.007591,
    "p_static_avg": 2.59381e-06,
    "p_static_max": 3.078e-06,
    "p_dynamic_avg": 0.0005032061900000001,
    "p_dynamic_max": 0.0075879219999999995
}