{
    "p_avg": 0.0002027,
    "p_max": 0.005338,
    "p_static_avg": 4.91166e-07,
    "p_static_max": 5.312e-07,
    "p_dynamic_avg": 0.000202208834,
    "p_dynamic_max": 0.0053374688
}