{
    "p_avg": 0.000193,
    "p_max": 0.004868,
    "p_static_avg": 1.89795e-07,
    "p_static_max": 6.907e-06,
    "p_dynamic_avg": 0.000192810205,
    "p_dynamic_max": 0.004861093
}