{
    "p_avg": 0.0004818,
    "p_max": 0.007071,
    "p_static_avg": 1.862166e-06,
    "p_static_max": 2.443e-06,
    "p_dynamic_avg": 0.000479937834,
    "p_dynamic_max": 0.007068557
}