{
    "measurements": {
        "i_avg": -0.0001101,
        "i_peak": -0.001691,
        "p_avg": 0.0001291,
        "p_max": 0.004485,
        "pdp": 1.263e-13,
        "tp_cout_fall": 9.784e-10,
        "tp_cout": 9.7785e-10,
        "tp_cout_rise": 9.773e-10,
        "tp_max": 9.784e-10,
        "tp_s7_fall": 9.307e-10,
        "tp_s8" : 9.271e-10,
        "tp_s7_rise": 9.245e-10,
        "area" : 
    }
}