{
    "p_avg": 0.0002025,
    "p_max": 0.005397,
    "p_static_avg": 3.9544900000000004e-07,
    "p_static_max": 4.061e-07,
    "p_dynamic_avg": 0.00020210455099999998,
    "p_dynamic_max": 0.0053965939
}