{
    "1": {
        "transition": {},
        "state": {},
        "delay": {},
        "measurements": {
            "p_avg": 0.0003287,
            "p_max": 0.004548,
            "tp_avg": 6.942e-10,
            "tp_cout": 7.402e-10,
            "tp_cout_fall": 7.485e-10,
            "tp_cout_rise": 7.319e-10,
            "tp_max": 7.485e-10,
            "tp_s8": 6.482e-10,
            "tp_s8_fall": 6.424e-10,
            "tp_s8_rise": 6.541e-10
        }
    },
    "summary": {
        "delay": {},
        "measurements": {
            "p_avg": {
                "min": 0.0003287,
                "max": 0.0003287,
                "avg": 0.0003287
            },
            "p_max": {
                "min": 0.004548,
                "max": 0.004548,
                "avg": 0.004548
            },
            "tp_avg": {
                "min": 6.942e-10,
                "max": 6.942e-10,
                "avg": 6.942e-10
            },
            "tp_cout": {
                "min": 7.402e-10,
                "max": 7.402e-10,
                "avg": 7.402e-10
            },
            "tp_cout_fall": {
                "min": 7.485e-10,
                "max": 7.485e-10,
                "avg": 7.485e-10
            },
            "tp_cout_rise": {
                "min": 7.319e-10,
                "max": 7.319e-10,
                "avg": 7.319e-10
            },
            "tp_max": {
                "min": 7.485e-10,
                "max": 7.485e-10,
                "avg": 7.485e-10
            },
            "tp_s8": {
                "min": 6.482e-10,
                "max": 6.482e-10,
                "avg": 6.482e-10
            },
            "tp_s8_fall": {
                "min": 6.424e-10,
                "max": 6.424e-10,
                "avg": 6.424e-10
            },
            "tp_s8_rise": {
                "min": 6.541e-10,
                "max": 6.541e-10,
                "avg": 6.541e-10
            }
        }
    }
}