{
    "1": {
        "transition": {},
        "state": {},
        "delay": {},
        "measurements": {
            "i_avg": -0.0001197,
            "i_peak": -0.001627,
            "p_avg": 0.0001404,
            "p_max": 0.004301,
            "pdp": 1.549e-13,
            "tp_avg": 1.071e-09,
            "tp_cout_fall": 1.095e-09,
            "tp_cout_rise": 1.103e-09,
            "tp_max": 1.103e-09,
            "tp_s7_fall": 1.049e-09,
            "tp_s7_rise": 1.035e-09
        }
    },
    "summary": {
        "delay": {},
        "measurements": {
            "i_avg": {
                "min": -0.0001197,
                "max": -0.0001197,
                "avg": -0.0001197
            },
            "i_peak": {
                "min": -0.001627,
                "max": -0.001627,
                "avg": -0.001627
            },
            "p_avg": {
                "min": 0.0001404,
                "max": 0.0001404,
                "avg": 0.0001404
            },
            "p_max": {
                "min": 0.004301,
                "max": 0.004301,
                "avg": 0.004301
            },
            "pdp": {
                "min": 1.549e-13,
                "max": 1.549e-13,
                "avg": 1.549e-13
            },
            "tp_avg": {
                "min": 1.071e-09,
                "max": 1.071e-09,
                "avg": 1.071e-09
            },
            "tp_cout_fall": {
                "min": 1.095e-09,
                "max": 1.095e-09,
                "avg": 1.095e-09
            },
            "tp_cout_rise": {
                "min": 1.103e-09,
                "max": 1.103e-09,
                "avg": 1.103e-09
            },
            "tp_max": {
                "min": 1.103e-09,
                "max": 1.103e-09,
                "avg": 1.103e-09
            },
            "tp_s7_fall": {
                "min": 1.049e-09,
                "max": 1.049e-09,
                "avg": 1.049e-09
            },
            "tp_s7_rise": {
                "min": 1.035e-09,
                "max": 1.035e-09,
                "avg": 1.035e-09
            }
        }
    }
}