{
    "1": {
        "transition": {},
        "state": {},
        "delay": {},
        "measurements": {
            "i_avg": -0.0001135,
            "i_peak": -0.001669,
            "p_avg": 0.0001331,
            "p_max": 0.004415,
            "pdp": 1.364e-13,
            "tp_avg": 9.975e-10,
            "tp_cout_fall": 1.023e-09,
            "tp_cout_rise": 1.025e-09,
            "tp_max": 1.025e-09,
            "tp_s7_fall": 9.756e-10,
            "tp_s7_rise": 9.666e-10
        }
    },
    "summary": {
        "delay": {},
        "measurements": {
            "i_avg": {
                "min": -0.0001135,
                "max": -0.0001135,
                "avg": -0.0001135
            },
            "i_peak": {
                "min": -0.001669,
                "max": -0.001669,
                "avg": -0.001669
            },
            "p_avg": {
                "min": 0.0001331,
                "max": 0.0001331,
                "avg": 0.0001331
            },
            "p_max": {
                "min": 0.004415,
                "max": 0.004415,
                "avg": 0.004415
            },
            "pdp": {
                "min": 1.364e-13,
                "max": 1.364e-13,
                "avg": 1.364e-13
            },
            "tp_avg": {
                "min": 9.975e-10,
                "max": 9.975e-10,
                "avg": 9.975e-10
            },
            "tp_cout_fall": {
                "min": 1.023e-09,
                "max": 1.023e-09,
                "avg": 1.023e-09
            },
            "tp_cout_rise": {
                "min": 1.025e-09,
                "max": 1.025e-09,
                "avg": 1.025e-09
            },
            "tp_max": {
                "min": 1.025e-09,
                "max": 1.025e-09,
                "avg": 1.025e-09
            },
            "tp_s7_fall": {
                "min": 9.756e-10,
                "max": 9.756e-10,
                "avg": 9.756e-10
            },
            "tp_s7_rise": {
                "min": 9.666e-10,
                "max": 9.666e-10,
                "avg": 9.666e-10
            }
        }
    }
}