{
    "1": {
        "transition": {},
        "state": {},
        "delay": {},
        "measurements": {
            "i_avg": -0.0001165,
            "i_peak": -0.001645,
            "p_avg": 0.0001366,
            "p_max": 0.004359,
            "pdp": 1.453e-13,
            "tp_avg": 1.034e-09,
            "tp_cout_fall": 1.058e-09,
            "tp_cout_rise": 1.064e-09,
            "tp_max": 1.064e-09,
            "tp_s7_fall": 1.012e-09,
            "tp_s7_rise": 1.001e-09
        }
    },
    "summary": {
        "delay": {},
        "measurements": {
            "i_avg": {
                "min": -0.0001165,
                "max": -0.0001165,
                "avg": -0.0001165
            },
            "i_peak": {
                "min": -0.001645,
                "max": -0.001645,
                "avg": -0.001645
            },
            "p_avg": {
                "min": 0.0001366,
                "max": 0.0001366,
                "avg": 0.0001366
            },
            "p_max": {
                "min": 0.004359,
                "max": 0.004359,
                "avg": 0.004359
            },
            "pdp": {
                "min": 1.453e-13,
                "max": 1.453e-13,
                "avg": 1.453e-13
            },
            "tp_avg": {
                "min": 1.034e-09,
                "max": 1.034e-09,
                "avg": 1.034e-09
            },
            "tp_cout_fall": {
                "min": 1.058e-09,
                "max": 1.058e-09,
                "avg": 1.058e-09
            },
            "tp_cout_rise": {
                "min": 1.064e-09,
                "max": 1.064e-09,
                "avg": 1.064e-09
            },
            "tp_max": {
                "min": 1.064e-09,
                "max": 1.064e-09,
                "avg": 1.064e-09
            },
            "tp_s7_fall": {
                "min": 1.012e-09,
                "max": 1.012e-09,
                "avg": 1.012e-09
            },
            "tp_s7_rise": {
                "min": 1.001e-09,
                "max": 1.001e-09,
                "avg": 1.001e-09
            }
        }
    }
}