{
    "1": {
        "transition": {},
        "state": {},
        "delay": {},
        "measurements": {
            "p_avg": 0.0003209,
            "p_max": 0.004612,
            "tp_avg": 6.719e-10,
            "tp_cout": 7.164e-10,
            "tp_cout_fall": 7.233e-10,
            "tp_cout_rise": 7.095e-10,
            "tp_max": 7.233e-10,
            "tp_s8": 6.274e-10,
            "tp_s8_fall": 6.227e-10,
            "tp_s8_rise": 6.321e-10
        }
    },
    "summary": {
        "delay": {},
        "measurements": {
            "p_avg": {
                "min": 0.0003209,
                "max": 0.0003209,
                "avg": 0.0003209
            },
            "p_max": {
                "min": 0.004612,
                "max": 0.004612,
                "avg": 0.004612
            },
            "tp_avg": {
                "min": 6.719e-10,
                "max": 6.719e-10,
                "avg": 6.719e-10
            },
            "tp_cout": {
                "min": 7.164e-10,
                "max": 7.164e-10,
                "avg": 7.164e-10
            },
            "tp_cout_fall": {
                "min": 7.233e-10,
                "max": 7.233e-10,
                "avg": 7.233e-10
            },
            "tp_cout_rise": {
                "min": 7.095e-10,
                "max": 7.095e-10,
                "avg": 7.095e-10
            },
            "tp_max": {
                "min": 7.233e-10,
                "max": 7.233e-10,
                "avg": 7.233e-10
            },
            "tp_s8": {
                "min": 6.274e-10,
                "max": 6.274e-10,
                "avg": 6.274e-10
            },
            "tp_s8_fall": {
                "min": 6.227e-10,
                "max": 6.227e-10,
                "avg": 6.227e-10
            },
            "tp_s8_rise": {
                "min": 6.321e-10,
                "max": 6.321e-10,
                "avg": 6.321e-10
            }
        }
    }
}