{
    "1": {
        "transition": {},
        "state": {},
        "delay": {},
        "measurements": {
            "i_avg": -0.0001173,
            "i_peak": -0.00164,
            "p_avg": 0.0001375,
            "p_max": 0.004344,
            "pdp": 1.476e-13,
            "tp_avg": 1.043e-09,
            "tp_cout_fall": 1.067e-09,
            "tp_cout_rise": 1.074e-09,
            "tp_max": 1.074e-09,
            "tp_s7_fall": 1.021e-09,
            "tp_s7_rise": 1.009e-09
        }
    },
    "summary": {
        "delay": {},
        "measurements": {
            "i_avg": {
                "min": -0.0001173,
                "max": -0.0001173,
                "avg": -0.0001173
            },
            "i_peak": {
                "min": -0.00164,
                "max": -0.00164,
                "avg": -0.00164
            },
            "p_avg": {
                "min": 0.0001375,
                "max": 0.0001375,
                "avg": 0.0001375
            },
            "p_max": {
                "min": 0.004344,
                "max": 0.004344,
                "avg": 0.004344
            },
            "pdp": {
                "min": 1.476e-13,
                "max": 1.476e-13,
                "avg": 1.476e-13
            },
            "tp_avg": {
                "min": 1.043e-09,
                "max": 1.043e-09,
                "avg": 1.043e-09
            },
            "tp_cout_fall": {
                "min": 1.067e-09,
                "max": 1.067e-09,
                "avg": 1.067e-09
            },
            "tp_cout_rise": {
                "min": 1.074e-09,
                "max": 1.074e-09,
                "avg": 1.074e-09
            },
            "tp_max": {
                "min": 1.074e-09,
                "max": 1.074e-09,
                "avg": 1.074e-09
            },
            "tp_s7_fall": {
                "min": 1.021e-09,
                "max": 1.021e-09,
                "avg": 1.021e-09
            },
            "tp_s7_rise": {
                "min": 1.009e-09,
                "max": 1.009e-09,
                "avg": 1.009e-09
            }
        }
    }
}